{
  "Data_Info":"Information about standard colors for web program",
  "website":"unknown",
  "colors":[
    {
      "color": "black",
      "category": "hue",
      "type": "primary",
      "code": {
        "rgba": 255,
        "hex": "#000"
      }
    },
    {
      "color": "white",
      "category": "value",
      "code": {
        "rgba": 0,
        "hex": "#FFF"
      }
    },
    {
      "color": "red",
      "category": "hue",
      "type": "primary",
      "code": {
        "rgba": 255,
        "hex": "#FF0"
      }
    },
    {
      "color": "blue",
      "category": "hue",
      "type": "primary",
      "code": {
        "rgba": 0,
        "hex": "#00F"
      }
    },
    {
      "color": "yellow",
      "category": "hue",
      "type": "primary",
      "code": {
        "rgba": 255,
        "hex": "#FF0"
      }
    },
    {
      "color": "green",
      "category": "hue",
      "type": "secondary",
      "code": {
        "rgba": 0,
        "hex": "#0F0"
      }
    }
  ]
}